{
  "nndsvd": {
    "mean_nmf_loss": 0.8207937070369773,
    "median_nmf_loss": 0.8246766276966332,
    "mean_nmf_iter": 101.0,
    "median_nmf_iter": 101.0
  },
  "poisson": {
    "mean_nmf_loss": 0.9168512826170641,
    "median_nmf_loss": 0.9161564757618192,
    "mean_nmf_iter": 101.0,
    "median_nmf_iter": 101.0
  },
  "gaussian": {
    "mean_nmf_loss": 21.72983688250006,
    "median_nmf_loss": 1.9515885878631805,
    "mean_nmf_iter": 4.17,
    "median_nmf_iter": 3.0
  },
  "uniform": {
    "mean_nmf_loss": 0.9379147115153297,
    "median_nmf_loss": 0.9406103454994974,
    "mean_nmf_iter": 60.78,
    "median_nmf_iter": 61.0
  },
  "laplacian": {
    "mean_nmf_loss": 1.2756711391955404,
    "median_nmf_loss": 1.1013928558831005,
    "mean_nmf_iter": 4.63,
    "median_nmf_iter": 4.0
  },
  "kmeans_opH": {
    "mean_nmf_loss": 450.15754802413846,
    "median_nmf_loss": 0.4229483835350967,
    "mean_nmf_iter": 7.75,
    "median_nmf_iter": 6.0
  },
  "kmeans_randH": {
    "mean_nmf_loss": 19.695920609541055,
    "median_nmf_loss": 0.3486181020714152,
    "mean_nmf_iter": 4.04,
    "median_nmf_iter": 3.5
  }
}